[{"name":"123456789012345","message":"Lorem ipsum dolor sit amet, consectetur adipiscing elit. Sed nec purus in ante pretium blandit. Aliquam erat volutpat. Nulla libero lectus. "},{"name":"123456789012345","message":"Lorem ipsum dolor sit amet, consectetur adipiscing elit. Sed nec purus in ante pretium blandit. Aliquam erat volutpat. Nulla libero lectus. "},{"name":"123456789012345","message":"Lorem ipsum dolor sit amet, consectetur adipiscing elit. Sed nec purus in ante pretium blandit. Aliquam erat volutpat. Nulla libero lectus. "},{"name":"123456789012345","message":"Lorem ipsum dolor sit amet, consectetur adipiscing elit. Sed nec purus in ante pretium blandit. Aliquam erat volutpat. Nulla libero lectus. "},{"name":"123456789012345","message":"Lorem ipsum dolor sit amet, consectetur adipiscing elit. Sed nec purus in ante pretium blandit. Aliquam erat volutpat. Nulla libero lectus. "},{"name":"123456789012345","message":"Lorem ipsum dolor sit amet, consectetur adipiscing elit. Sed nec purus in ante pretium blandit. Aliquam erat volutpat. Nulla libero lectus. "},{"name":"123456789012345","message":"Lorem ipsum dolor sit amet, consectetur adipiscing elit. Sed nec purus in ante pretium blandit. Aliquam erat volutpat. Nulla libero lectus. "},{"name":"123456789012345","message":"Lorem ipsum dolor sit amet, consectetur adipiscing elit. Sed nec purus in ante pretium blandit. Aliquam erat volutpat. Nulla libero lectus. "},{"name":"123456789012345","message":"Lorem ipsum dolor sit amet, consectetur adipiscing elit. Sed nec purus in ante pretium blandit. Aliquam erat volutpat. Nulla libero lectus. "},{"name":"123456789012345","message":"Lorem ipsum dolor sit amet, consectetur adipiscing elit. Sed nec purus in ante pretium blandit. Aliquam erat volutpat. Nulla libero lectus. "},{"name":"123456789012345","message":"Lorem ipsum dolor sit amet, consectetur adipiscing elit. Sed nec purus in ante pretium blandit. Aliquam erat volutpat. Nulla libero lectus. "}]
