[{"handle":"fdsa","message":"fdsaffdsafdsafds","date":"2014-08-23T18:57:15.062Z"},{"handle":"fdsa","message":"fdsaffdsafdsafds","date":"2014-08-23T18:57:15.751Z"},{"handle":"fdsafdsa","message":"fdsaffdsafdsafdsfdsa","date":"2014-08-23T18:57:18.697Z"},{"handle":"test","message":"estate","date":"2014-08-23T18:58:44.231Z"},{"handle":"test","message":"estate","date":"2014-08-23T18:58:45.139Z"}{"handle":"test","message":"estate","date":"2014-08-23T18:58:45.342Z",{"handle":"fdsa","message":"fdsa","date":"2014-08-23T18:59:19.340Z"},{"handle":"fdsa","message":"fdsa","date":"2014-08-23T18:59:20.069Z"}{"handle":"fdsa","message":"fdsa","date":"2014-08-23T18:59:20.270Z",{"handle":"fdsa","message":"fdsa","date":"2014-08-23T18:59:20.456Z"},{"handle":"fdsa","message":"fdsa","date":"2014-08-23T18:59:57.075Z"},{"handle":"fdsa","message":"fdsa","date":"2014-08-23T19:00:21.947Z"},{"handle":"fdsa","message":"fdsa","date":"2014-08-23T19:00:22.436Z"}{"handle":"fdsa","message":"fdsa","date":"2014-08-23T19:00:23.147Z",{"handle":"fdsa","message":"fdsa","date":"2014-08-23T19:00:31.152Z"},{"handle":"fds","message":"afdsa","date":"2014-08-23T19:01:40.545Z"},{"handle":"test","message":"atat","date":"2014-08-23T19:02:09.635Z"},{"handle":"test","message":"another","date":"2014-08-23T19:02:17.046Z"},{"handle":"benjamin","message":"this is a test","date":"2014-08-23T19:06:37.201Z"},{"handle":"fds","message":"afdsa","date":"2014-08-23T19:06:46.475Z"},{"handle":"fdsa","message":"fdsa","date":"2014-08-23T19:24:31.454Z"}]